dz_code,prov_code,prov_name,city_name,n_persons,n_surnames,hhi,top1_surname,top1_share,top2_surname,top2_share,top3_surname,top3_share,top4_surname,top4_share,top5_surname,top5_share
1101,11,北京市,北京城区,41581,538,0.043391,王,0.111277,张,0.096607,李,0.094538,刘,0.074746,赵,0.035353
1102,11,北京市,北京市,2065,154,0.054754,王,0.156416,张,0.11138,李,0.075061,赵,0.054722,刘,0.0523
1201,12,天津市,天津城区,66264,579,0.04962,王,0.115945,张,0.103661,李,0.098349,刘,0.091452,杨,0.036581
1202,12,天津市,天津市,9622,233,0.050325,李,0.110268,王,0.103409,张,0.102266,刘,0.092704,杨,0.040532
1301,13,河北省,石家庄市,11459,262,0.050909,张,0.133432,李,0.100009,王,0.09006,刘,0.087006,赵,0.050266
1302,13,河北省,唐山市,8490,252,0.054128,张,0.122733,王,0.107774,刘,0.101767,李,0.099176,赵,0.038751
1303,13,河北省,秦皇岛市,3246,184,0.05697,李,0.129698,王,0.114603,张,0.106593,刘,0.073937,赵,0.049908
1304,13,河北省,邯郸市,10974,226,0.047997,王,0.124567,李,0.106069,张,0.091762,刘,0.05103,杨,0.047567
1305,13,河北省,邢台市,8217,214,0.058164,李,0.127419,张,0.12535,王,0.108799,刘,0.081417,赵,0.053913
1306,13,河北省,保定市,13629,258,0.054121,王,0.126422,张,0.104483,李,0.09942,刘,0.09788,赵,0.042189
1307,13,河北省,张家口市,5121,216,0.047529,李,0.115602,张,0.107987,王,0.100957,刘,0.066003,赵,0.045108
1308,13,河北省,承德市,4413,203,0.045462,王,0.120326,李,0.099026,张,0.08339,刘,0.068887,赵,0.046454
1309,13,河北省,沧州市,8138,228,0.051988,王,0.119563,刘,0.104571,李,0.102728,张,0.095478,赵,0.039936
1310,13,河北省,廊坊市,5119,191,0.047172,王,0.105099,张,0.104708,李,0.094745,刘,0.087126,杨,0.046103
1311,13,河北省,衡水市,5142,190,0.052181,张,0.115325,李,0.112602,王,0.109685,刘,0.07079,赵,0.047063
1401,14,山西省,太原市,11840,309,0.046727,张,0.120355,王,0.111318,李,0.09603,刘,0.053716,赵,0.040541
1402,14,山西省,大同市,10897,259,0.046059,王,0.111223,张,0.107644,李,0.097458,刘,0.068826,赵,0.040562
1403,14,山西省,阳泉市,4637,161,0.052345,王,0.135864,张,0.096183,李,0.095105,刘,0.070735,赵,0.058227
1404,14,山西省,长治市,11646,228,0.048805,王,0.126481,李,0.105959,张,0.091705,刘,0.051091,郭,0.048429
1405,14,山西省,晋城市,7815,189,0.054348,李,0.133461,王,0.122585,张,0.102111,赵,0.052591,刘,0.039155
1406,14,山西省,朔州市,5188,172,0.046413,王,0.117772,李,0.101966,张,0.087702,刘,0.074402,杨,0.048959
1407,14,山西省,晋中市,11132,237,0.043071,王,0.106899,张,0.097916,李,0.097646,赵,0.057941,刘,0.043029
1408,14,山西省,运城市,16848,293,0.046392,张,0.120548,王,0.113841,李,0.094314,赵,0.046118,杨,0.042438
1409,14,山西省,忻州市,10207,220,0.049129,张,0.141374,王,0.096306,李,0.076418,刘,0.074361,赵,0.040952
1410,14,山西省,临汾市,14510,287,0.044774,张,0.114748,李,0.101034,王,0.09621,刘,0.062095,郭,0.040799
1411,14,山西省,吕梁市,12119,193,0.050697,李,0.111478,张,0.111395,王,0.091179,刘,0.082845,高,0.050087
1501,15,内蒙古自治区,呼和浩特市,4495,243,0.043641,王,0.105451,张,0.104561,李,0.085206,刘,0.075417,赵,0.046274
1502,15,内蒙古自治区,包头市,4493,238,0.046876,王,0.11529,张,0.107723,李,0.090585,刘,0.076564,杨,0.040285
1503,15,内蒙古自治区,乌海市,2707,196,0.047273,王,0.128186,张,0.099372,李,0.085334,刘,0.073513,杨,0.039527
1504,15,内蒙古自治区,赤峰市,4501,222,0.043864,王,0.113308,李,0.094423,张,0.09309,刘,0.075539,陈,0.033104
1505,15,内蒙古自治区,通辽市,4100,199,0.041548,王,0.100732,张,0.081707,包,0.076585,李,0.075122,刘,0.071951
1506,15,内蒙古自治区,鄂尔多斯市,4943,210,0.04413,王,0.116124,张,0.081125,刘,0.076472,李,0.069189,杨,0.063524
1507,15,内蒙古自治区,呼伦贝尔市,4261,263,0.04028,王,0.113823,李,0.090824,张,0.079793,刘,0.073222,赵,0.031917
1508,15,内蒙古自治区,巴彦淖尔市,4823,242,0.047729,王,0.131661,张,0.100145,李,0.081899,刘,0.073398,杨,0.044371
1509,15,内蒙古自治区,乌兰察布市,3759,203,0.042207,张,0.104283,王,0.102953,李,0.090716,刘,0.053738,赵,0.048151
1522,15,内蒙古自治区,兴安盟,4363,212,0.039662,王,0.103369,李,0.080678,张,0.073802,刘,0.066468,白,0.052945
1525,15,内蒙古自治区,锡林郭勒盟,4386,197,0.106218,无,0.287506,王,0.081623,张,0.081395,李,0.059508,刘,0.045372
1529,15,内蒙古自治区,阿拉善盟,2833,168,0.048531,无,0.126015,王,0.090717,李,0.083304,张,0.072714,杨,0.054359
2101,21,辽宁省,沈阳市,10732,326,0.042991,王,0.109765,李,0.097093,张,0.093179,刘,0.071189,赵,0.03811
2102,21,辽宁省,大连市,8489,272,0.04315,王,0.131582,刘,0.078337,李,0.070326,张,0.069502,孙,0.047944
2103,21,辽宁省,鞍山市,5051,227,0.047158,王,0.115423,张,0.103544,李,0.099188,刘,0.075035,赵,0.040586
2104,21,辽宁省,抚顺市,3584,219,0.045915,王,0.128906,张,0.091797,李,0.0851,刘,0.071708,赵,0.046038
2105,21,辽宁省,本溪市,2517,187,0.046717,王,0.11919,张,0.097338,李,0.092571,刘,0.08383,孙,0.03536
2106,21,辽宁省,丹东市,3637,195,0.042679,王,0.118229,李,0.089909,刘,0.079186,张,0.063239,于,0.048392
2107,21,辽宁省,锦州市,4693,213,0.050722,李,0.112721,王,0.105476,张,0.101001,刘,0.090347,赵,0.045813
2108,21,辽宁省,营口市,3918,208,0.047946,王,0.113323,李,0.111281,张,0.100306,刘,0.072486,孙,0.035477
2109,21,辽宁省,阜新市,2973,178,0.04742,王,0.126135,张,0.104945,李,0.088126,刘,0.069963,赵,0.0407
2110,21,辽宁省,辽阳市,3144,197,0.046054,王,0.127226,张,0.094784,李,0.091603,刘,0.066794,赵,0.033715
2111,21,辽宁省,盘锦市,2052,171,0.046651,王,0.110136,李,0.10039,张,0.099903,刘,0.077485,孙,0.03655
2112,21,辽宁省,铁岭市,4634,242,0.048681,王,0.121709,张,0.102072,李,0.096461,刘,0.074234,赵,0.040785
2113,21,辽宁省,朝阳市,5606,218,0.051297,王,0.11898,李,0.115234,张,0.098823,刘,0.083125,赵,0.033535
2114,21,辽宁省,葫芦岛市,4405,193,0.054224,王,0.122815,张,0.119864,李,0.103292,刘,0.078547,赵,0.036549
2201,22,吉林省,长春市,16033,340,0.0471,王,0.122435,李,0.09705,张,0.091873,刘,0.077278,孙,0.040541
2202,22,吉林省,吉林市,10972,299,0.043319,王,0.117663,李,0.089865,张,0.087495,刘,0.074736,赵,0.039191
2203,22,吉林省,四平市,8037,271,0.047227,王,0.126789,张,0.088341,李,0.08747,刘,0.086848,赵,0.037949
2204,22,吉林省,辽源市,3546,212,0.044624,王,0.118161,李,0.093627,张,0.084884,刘,0.08009,孙,0.036379
2205,22,吉林省,通化市,6613,258,0.04235,王,0.120067,张,0.086496,李,0.07954,刘,0.075306,孙,0.042341
2206,22,吉林省,白山市,4178,229,0.043847,王,0.126376,李,0.08832,张,0.081857,刘,0.074198,孙,0.038056
2207,22,吉林省,松原市,7270,253,0.048709,王,0.122971,张,0.105365,李,0.091884,刘,0.081706,孙,0.038927
2208,22,吉林省,白城市,7015,266,0.04777,王,0.128297,李,0.100927,张,0.086244,刘,0.078261,孙,0.03578
2224,22,吉林省,延边朝鲜族自治州,5350,241,0.04522,李,0.120748,金,0.098318,王,0.073832,张,0.068037,刘,0.057944
2301,23,黑龙江省,哈尔滨市,14174,347,0.042484,王,0.113024,李,0.088401,张,0.085156,刘,0.080993,赵,0.038945
2302,23,黑龙江省,齐齐哈尔市,10305,307,0.046825,王,0.122853,李,0.100534,张,0.090247,刘,0.080155,赵,0.032897
2303,23,黑龙江省,鸡西市,3407,237,0.043406,王,0.117405,李,0.095098,张,0.085119,刘,0.074846,孙,0.037276
2304,23,黑龙江省,鹤岗市,1954,171,0.045692,王,0.119243,李,0.097748,张,0.092119,刘,0.073183,杨,0.035824
2305,23,黑龙江省,双鸭山市,2481,182,0.047288,王,0.12898,李,0.09472,张,0.087868,刘,0.072148,孙,0.0395
2306,23,黑龙江省,大庆市,4198,232,0.041604,王,0.111482,张,0.088614,李,0.083849,刘,0.07575,赵,0.036208
2307,23,黑龙江省,伊春市,1846,178,0.042889,王,0.111051,李,0.092091,刘,0.084507,张,0.080715,赵,0.037378
2308,23,黑龙江省,佳木斯市,4280,244,0.044565,王,0.121028,张,0.090654,李,0.086682,刘,0.082477,孙,0.039252
2309,23,黑龙江省,七台河市,1154,131,0.046632,王,0.12825,张,0.097054,李,0.081456,刘,0.069324,陈,0.035529
2310,23,黑龙江省,牡丹江市,4575,232,0.039579,王,0.113005,张,0.080219,李,0.08,刘,0.076066,孙,0.036721
2311,23,黑龙江省,黑河市,3288,212,0.050045,王,0.137165,李,0.097324,刘,0.086983,张,0.083942,孙,0.034367
2312,23,黑龙江省,绥化市,9348,278,0.048304,王,0.122486,张,0.100877,李,0.094887,刘,0.081729,孙,0.038083
2327,23,黑龙江省,大兴安岭地区,2512,198,0.045248,王,0.119029,张,0.093153,李,0.092755,刘,0.076831,孙,0.03543
3101,31,上海市,上海城区,74566,601,0.027087,张,0.075168,王,0.070434,陈,0.060027,李,0.046107,徐,0.033366
3102,31,上海市,上海市,3100,123,0.039495,黄,0.092258,施,0.073226,张,0.066774,陈,0.066129,陆,0.052903
3201,32,江苏省,南京市,7734,289,0.031041,王,0.093354,张,0.072925,陈,0.059348,李,0.057021,刘,0.040471
3202,32,江苏省,无锡市,6492,270,0.026569,王,0.071473,张,0.069008,陈,0.053296,李,0.040974,吴,0.037585
3203,32,江苏省,徐州市,9581,256,0.044461,王,0.102599,张,0.101555,李,0.090492,刘,0.086108,陈,0.039662
3204,32,江苏省,常州市,5579,251,0.027545,王,0.074924,陈,0.060226,张,0.05915,周,0.053952,李,0.044094
3205,32,江苏省,苏州市,9388,305,0.02742,张,0.073818,王,0.066042,陈,0.054325,李,0.05049,周,0.037601
3206,32,江苏省,南通市,8486,207,0.030276,陈,0.079307,张,0.079189,王,0.052439,黄,0.040184,朱,0.036884
3207,32,江苏省,连云港市,4940,178,0.038532,王,0.112955,李,0.076721,刘,0.062146,张,0.061538,徐,0.046964
3208,32,江苏省,淮安市,5377,221,0.03336,王,0.087037,张,0.066952,李,0.064534,陈,0.059699,朱,0.054491
3209,32,江苏省,盐城市,8677,230,0.031633,王,0.087934,陈,0.075717,张,0.055895,李,0.049441,刘,0.04437
3210,32,江苏省,扬州市,4960,229,0.029709,王,0.093952,陈,0.057863,张,0.052823,李,0.05121,徐,0.039315
3211,32,江苏省,镇江市,3190,205,0.027434,王,0.078056,陈,0.072727,张,0.063323,朱,0.044201,刘,0.034796
3212,32,江苏省,泰州市,5204,201,0.02732,王,0.07475,张,0.056879,陈,0.055342,朱,0.048809,刘,0.044581
3213,32,江苏省,宿迁市,5129,184,0.038742,张,0.115422,王,0.085007,李,0.058881,陈,0.046793,刘,0.046598
3301,33,浙江省,杭州市,9661,275,0.025218,陈,0.074423,王,0.062209,徐,0.049684,张,0.047718,李,0.034572
3302,33,浙江省,宁波市,8454,274,0.028048,王,0.086586,陈,0.074403,张,0.046487,李,0.044121,徐,0.038325
3303,33,浙江省,温州市,10829,223,0.034158,陈,0.100933,林,0.065472,黄,0.055222,王,0.04765,张,0.046726
3304,33,浙江省,嘉兴市,5191,229,0.028084,王,0.076479,张,0.059141,沈,0.05394,陈,0.053554,李,0.044115
3305,33,浙江省,湖州市,3585,206,0.028736,陈,0.073082,王,0.067782,沈,0.064435,张,0.053278,周,0.038773
3306,33,浙江省,绍兴市,5958,198,0.033785,王,0.10188,陈,0.090299,张,0.055388,周,0.030883,李,0.030547
3307,33,浙江省,金华市,6342,192,0.029997,陈,0.07064,王,0.056764,张,0.055661,徐,0.049827,金,0.047461
3308,33,浙江省,衢州市,3346,146,0.040808,徐,0.120442,周,0.070831,王,0.066049,余,0.055589,叶,0.048117
3309,33,浙江省,舟山市,1566,126,0.030739,王,0.096424,陈,0.067688,刘,0.04917,李,0.048531,周,0.039591
3310,33,浙江省,台州市,8008,207,0.039035,陈,0.105145,王,0.09478,张,0.063686,李,0.058067,吴,0.04021
3311,33,浙江省,丽水市,3428,138,0.038049,叶,0.087515,陈,0.084889,吴,0.073512,李,0.055718,刘,0.051342
3401,34,安徽省,合肥市,6398,228,0.03114,王,0.087684,李,0.078931,张,0.065958,刘,0.055642,陈,0.044076
3402,34,安徽省,芜湖市,3192,220,0.025982,王,0.072995,张,0.072995,李,0.057018,徐,0.035401,陈,0.034774
3403,34,安徽省,蚌埠市,4215,177,0.031371,张,0.086358,王,0.070225,陈,0.066904,刘,0.050297,李,0.04911
3404,34,安徽省,淮南市,3569,176,0.035274,王,0.096386,陈,0.072569,李,0.067526,张,0.057439,杨,0.040067
3405,34,安徽省,马鞍山市,1800,171,0.027872,王,0.09,张,0.056111,夏,0.047222,陶,0.043333,陈,0.041111
3406,34,安徽省,淮北市,2419,132,0.042122,王,0.106656,李,0.085573,张,0.078958,刘,0.064076,赵,0.050021
3407,34,安徽省,铜陵市,838,112,0.035253,王,0.091885,张,0.079952,吴,0.059666,陈,0.052506,李,0.050119
3408,34,安徽省,安庆市,7064,183,0.029305,王,0.078851,汪,0.053086,吴,0.045866,李,0.0453,陈,0.042327
3410,34,安徽省,黄山市,1589,107,0.033656,程,0.073631,洪,0.058527,汪,0.057269,许,0.056639,张,0.05601
3411,34,安徽省,滁州市,6537,255,0.033194,王,0.097904,张,0.078935,李,0.064097,陈,0.061955,杨,0.039927
3412,34,安徽省,阜阳市,14039,274,0.048569,李,0.114965,王,0.100007,张,0.091317,刘,0.085832,杨,0.048721
3413,34,安徽省,宿州市,6666,208,0.041497,张,0.10141,王,0.10126,李,0.085959,刘,0.052655,朱,0.041704
3414,34,安徽省,巢湖市,5934,225,0.029257,张,0.083923,王,0.081732,李,0.048028,陈,0.042636,吴,0.037749
3415,34,安徽省,六安市,6979,241,0.034499,张,0.095859,王,0.090414,李,0.07107,陈,0.056885,刘,0.044419
3416,34,安徽省,亳州市,7923,212,0.051114,王,0.150574,张,0.100972,李,0.093147,刘,0.050107,杨,0.03269
3417,34,安徽省,池州市,1800,140,0.028421,王,0.066667,章,0.052778,胡,0.051111,陈,0.048889,汪,0.045556
3418,34,安徽省,宣城市,3002,187,0.026051,王,0.059294,陈,0.057295,李,0.05463,张,0.048634,汪,0.045636
3501,35,福建省,福州市,9501,219,0.0718,林,0.180928,陈,0.153037,黄,0.055047,王,0.053679,张,0.044732
3502,35,福建省,厦门市,3566,166,0.046739,陈,0.134044,林,0.083287,张,0.076556,黄,0.058609,李,0.047392
3503,35,福建省,莆田市,3866,119,0.055623,陈,0.135541,林,0.129591,黄,0.072168,吴,0.061562,张,0.038282
3504,35,福建省,三明市,3663,137,0.042698,陈,0.113568,张,0.07917,林,0.072072,吴,0.067431,黄,0.052962
3505,35,福建省,泉州市,12146,264,0.048457,陈,0.131319,林,0.075416,王,0.071711,黄,0.07097,张,0.057879
3506,35,福建省,漳州市,7561,129,0.062471,林,0.145219,陈,0.130538,张,0.070626,黄,0.060309,吴,0.055416
3507,35,福建省,南平市,4339,174,0.033993,吴,0.07882,陈,0.07375,张,0.06914,黄,0.058539,李,0.049781
3508,35,福建省,龙岩市,3681,125,0.049412,陈,0.141809,林,0.089106,李,0.063298,张,0.06031,黄,0.050258
3509,35,福建省,宁德市,4225,128,0.047045,林,0.118343,陈,0.106509,黄,0.063669,张,0.060828,叶,0.046391
3601,36,江西省,南昌市,6730,191,0.031303,熊,0.067608,李,0.065825,万,0.061367,刘,0.054829,胡,0.047251
3602,36,江西省,景德镇市,2171,127,0.035555,吴,0.084754,徐,0.07462,程,0.067711,王,0.057117,张,0.053892
3603,36,江西省,萍乡市,2277,121,0.041425,刘,0.101449,陈,0.092227,彭,0.076856,张,0.054458,王,0.046552
3604,36,江西省,九江市,8291,206,0.022732,刘,0.056688,王,0.051019,陈,0.045712,张,0.044868,李,0.044506
3605,36,江西省,新余市,1985,118,0.040808,黄,0.098237,胡,0.084635,张,0.073552,李,0.061965,钟,0.060957
3606,36,江西省,鹰潭市,1921,114,0.032677,吴,0.082769,李,0.059344,杨,0.052577,陈,0.049974,刘,0.045809
3607,36,江西省,赣州市,10407,175,0.039068,刘,0.119439,李,0.063227,陈,0.056693,钟,0.051216,张,0.048045
3608,36,江西省,吉安市,8044,157,0.041299,刘,0.130408,李,0.058429,曾,0.054575,王,0.051343,罗,0.047116
3609,36,江西省,宜春市,7219,168,0.030103,刘,0.071894,黄,0.066076,李,0.065522,陈,0.057072,罗,0.039341
3610,36,江西省,抚州市,6218,168,0.032877,吴,0.075265,黄,0.074944,李,0.053876,王,0.049051,周,0.045835
3611,36,江西省,上饶市,8231,179,0.029548,徐,0.068278,吴,0.051756,陈,0.050905,王,0.047625,程,0.047382
3701,37,山东省,济南市,8617,259,0.053687,王,0.123361,李,0.114309,张,0.110711,刘,0.072415,赵,0.048741
3702,37,山东省,青岛市,10160,276,0.046608,王,0.140846,李,0.085827,刘,0.077854,张,0.067618,孙,0.044488
3703,37,山东省,淄博市,5577,201,0.050954,王,0.143984,张,0.099695,李,0.084813,刘,0.069034,杨,0.034786
3704,37,山东省,枣庄市,4743,175,0.04737,张,0.110689,王,0.101623,李,0.084335,刘,0.080961,孙,0.051655
3705,37,山东省,东营市,2459,153,0.049626,李,0.114274,王,0.112647,张,0.103294,刘,0.073607,杨,0.02928
3706,37,山东省,烟台市,9681,233,0.044933,王,0.130462,李,0.079021,张,0.076128,孙,0.067348,刘,0.064043
3707,37,山东省,潍坊市,11982,246,0.057627,王,0.134201,李,0.110749,张,0.110666,刘,0.090386,赵,0.034552
3708,37,山东省,济宁市,10429,256,0.043265,王,0.112187,张,0.097708,李,0.089558,刘,0.070093,孔,0.033656
3709,37,山东省,泰安市,6932,215,0.051184,张,0.110358,王,0.103866,刘,0.101558,李,0.100692,杨,0.035488
3710,37,山东省,威海市,3502,168,0.049909,王,0.106225,张,0.097373,刘,0.081382,李,0.07767,于,0.073101
3711,37,山东省,日照市,3608,149,0.039457,王,0.120011,李,0.077051,张,0.075942,刘,0.059313,孙,0.037417
3712,37,山东省,莱芜市,1564,107,0.048411,李,0.122762,王,0.089514,张,0.079284,刘,0.074808,赵,0.046675
3713,37,山东省,临沂市,12704,246,0.046276,王,0.112012,张,0.098473,李,0.096033,刘,0.077456,孙,0.037705
3714,37,山东省,德州市,7573,219,0.04748,王,0.113957,张,0.111845,李,0.083586,刘,0.071966,孙,0.046877
3715,37,山东省,聊城市,7402,236,0.044254,王,0.114699,张,0.097541,李,0.083896,刘,0.078627,杨,0.03472
3716,37,山东省,滨州市,5006,174,0.054841,张,0.129245,王,0.107671,李,0.100679,刘,0.089093,杨,0.035757
3717,37,山东省,菏泽市,9809,223,0.042836,李,0.099399,王,0.098481,张,0.089204,刘,0.078805,赵,0.049139
4101,41,河南省,郑州市,7200,246,0.051865,王,0.119028,张,0.118333,李,0.102917,刘,0.071944,赵,0.045417
4102,41,河南省,开封市,4679,175,0.047056,王,0.110707,张,0.09938,李,0.092969,刘,0.07694,杨,0.054926
4103,41,河南省,洛阳市,6812,215,0.047257,王,0.123899,李,0.099677,张,0.097328,刘,0.059748,赵,0.036847
4104,41,河南省,平顶山市,4839,185,0.052088,李,0.141145,张,0.101054,王,0.100847,刘,0.054557,陈,0.037611
4105,41,河南省,安阳市,5815,186,0.052989,王,0.136199,李,0.114703,张,0.10129,刘,0.050731,郭,0.042992
4106,41,河南省,鹤壁市,1409,112,0.063189,张,0.155429,王,0.133428,李,0.092264,孙,0.0511,闫,0.037615
4107,41,河南省,新乡市,6043,197,0.048057,王,0.123945,李,0.114347,张,0.092173,刘,0.046997,赵,0.044845
4108,41,河南省,焦作市,4321,166,0.046564,张,0.105763,李,0.104143,王,0.095811,赵,0.071048,刘,0.058088
4109,41,河南省,濮阳市,4000,174,0.049202,王,0.114,李,0.10625,刘,0.093,张,0.08825,杨,0.0365
4110,41,河南省,许昌市,4015,177,0.046414,张,0.114321,王,0.107846,李,0.103362,刘,0.052802,赵,0.036364
4111,41,河南省,漯河市,1760,124,0.04499,张,0.103409,李,0.097159,王,0.082386,赵,0.073864,刘,0.05
4112,41,河南省,三门峡市,2291,149,0.044478,王,0.11567,张,0.108686,李,0.072894,刘,0.062418,赵,0.041467
4113,41,河南省,南阳市,9494,252,0.046326,李,0.122604,王,0.095639,张,0.093533,刘,0.058774,杨,0.049926
4114,41,河南省,商丘市,7453,219,0.04264,张,0.108279,李,0.095398,王,0.083054,刘,0.068966,陈,0.055011
4115,41,河南省,信阳市,5876,219,0.035003,李,0.090027,张,0.089517,王,0.068924,陈,0.057012,刘,0.053608
4116,41,河南省,周口市,9311,216,0.048102,王,0.122328,张,0.111911,李,0.091612,刘,0.068736,陈,0.03469
4117,41,河南省,驻马店市,7408,211,0.04567,王,0.109341,张,0.105697,李,0.099217,刘,0.06358,杨,0.043062
4201,42,湖北省,武汉市,12099,297,0.029088,李,0.070088,张,0.066617,王,0.063642,陈,0.057691,刘,0.056534
4202,42,湖北省,黄石市,3970,170,0.031248,刘,0.069018,陈,0.068766,王,0.066499,李,0.052141,柯,0.052141
4203,42,湖北省,十堰市,6556,226,0.031849,王,0.079927,张,0.074436,李,0.073978,陈,0.060555,刘,0.053996
4205,42,湖北省,宜昌市,7621,222,0.031481,李,0.09172,王,0.066395,张,0.057866,刘,0.055898,陈,0.053405
4206,42,湖北省,襄阳市,7475,236,0.034959,李,0.088161,王,0.082007,张,0.081739,刘,0.061672,陈,0.052977
4207,42,湖北省,鄂州市,1597,112,0.033485,陈,0.088291,张,0.079524,王,0.051346,刘,0.043832,夏,0.038823
4208,42,湖北省,荆门市,4490,187,0.033025,李,0.084855,张,0.07951,王,0.066147,刘,0.056793,陈,0.053007
4209,42,湖北省,孝感市,8248,199,0.032779,张,0.08499,李,0.070199,陈,0.066925,刘,0.064137,王,0.044011
4210,42,湖北省,荆州市,9535,219,0.031521,李,0.077189,刘,0.074672,张,0.066492,王,0.061772,陈,0.058521
4211,42,湖北省,黄冈市,9465,198,0.029051,王,0.080296,张,0.075753,李,0.050819,陈,0.050396,胡,0.041944
4212,42,湖北省,咸宁市,5375,158,0.031066,李,0.084651,王,0.058791,陈,0.053209,胡,0.053209,徐,0.047628
4213,42,湖北省,随州市,2875,161,0.02926,刘,0.06713,张,0.064,王,0.062261,李,0.061565,陈,0.058435
4228,42,湖北省,恩施土家族苗族自治州,4913,176,0.029699,李,0.069001,张,0.059027,杨,0.057399,向,0.048239,黄,0.047832
4290,42,湖北省,湖北直辖县市,5533,182,0.031699,张,0.082595,李,0.069221,王,0.060907,刘,0.056027,陈,0.048075
4301,43,湖南省,长沙市,9269,212,0.03176,李,0.086309,刘,0.079297,陈,0.051462,张,0.050383,周,0.047578
4302,43,湖南省,株洲市,5419,176,0.033926,刘,0.110352,陈,0.071969,李,0.046503,张,0.04355,周,0.041336
4303,43,湖南省,湘潭市,4970,147,0.037069,刘,0.095372,陈,0.065594,李,0.065392,张,0.057948,周,0.056942
4304,43,湖南省,衡阳市,10080,184,0.034505,刘,0.101885,李,0.075397,王,0.052976,陈,0.05129,罗,0.043056
4305,43,湖南省,邵阳市,9902,189,0.033971,刘,0.088265,李,0.075742,陈,0.053121,杨,0.05201,王,0.051404
4306,43,湖南省,岳阳市,7278,200,0.031423,李,0.08986,刘,0.060594,张,0.055098,周,0.054273,吴,0.050426
4307,43,湖南省,常德市,7516,205,0.026693,刘,0.071581,李,0.062134,陈,0.05016,张,0.049761,杨,0.045104
4308,43,湖南省,张家界市,2174,113,0.033258,吴,0.067157,李,0.063937,张,0.062098,王,0.058418,黄,0.048298
4309,43,湖南省,益阳市,5938,157,0.03512,刘,0.105591,王,0.073762,李,0.053217,陈,0.050522,张,0.04126
4310,43,湖南省,郴州市,7474,130,0.053281,李,0.155606,黄,0.078673,何,0.057667,陈,0.05673,刘,0.052047
4311,43,湖南省,永州市,6926,148,0.039271,唐,0.112186,陈,0.06685,李,0.05862,刘,0.058475,何,0.045914
4312,43,湖南省,怀化市,6839,162,0.043443,杨,0.133938,张,0.089633,李,0.058781,刘,0.048691,黄,0.04372
4313,43,湖南省,娄底市,5572,124,0.042657,刘,0.102118,李,0.096375,陈,0.071249,王,0.065327,谢,0.040919
4331,43,湖南省,湘西土家族苗族自治州,3883,134,0.047005,向,0.096317,张,0.094257,彭,0.07623,杨,0.071852,吴,0.066186
4401,44,广东省,广州市,42856,455,0.030986,陈,0.084796,李,0.069302,黄,0.066012,梁,0.046878,张,0.046645
4402,44,广东省,韶关市,19445,249,0.033372,陈,0.079609,李,0.078735,刘,0.074415,黄,0.053638,张,0.049833
4403,44,广东省,深圳市,26600,467,0.030223,李,0.07688,陈,0.073346,张,0.064135,刘,0.055639,黄,0.050451
4404,44,广东省,珠海市,7932,263,0.037558,陈,0.096571,黄,0.085603,李,0.068583,张,0.053959,梁,0.051942
4405,44,广东省,汕头市,20869,206,0.06952,陈,0.190091,林,0.109349,黄,0.067756,吴,0.053333,张,0.048876
4406,44,广东省,佛山市,20224,338,0.029946,陈,0.07407,李,0.073477,梁,0.064181,黄,0.058643,何,0.036244
4407,44,广东省,江门市,19703,230,0.037721,李,0.084556,陈,0.079074,黄,0.074202,梁,0.06867,吴,0.047759
4408,44,广东省,湛江市,24342,245,0.04869,陈,0.138074,黄,0.090009,李,0.078465,梁,0.051886,吴,0.050982
4409,44,广东省,茂名市,19693,195,0.044428,陈,0.114965,李,0.103235,黄,0.066927,梁,0.061494,张,0.049358
4412,44,广东省,肇庆市,22851,223,0.036679,陈,0.110236,梁,0.07597,李,0.065336,黄,0.065205,林,0.031202
4413,44,广东省,惠州市,14208,274,0.03498,陈,0.079955,黄,0.077492,李,0.068905,刘,0.066512,张,0.051872
4414,44,广东省,梅州市,24205,180,0.03859,李,0.087833,陈,0.073208,张,0.071638,刘,0.063251,黄,0.055939
4415,44,广东省,汕尾市,11461,159,0.046132,陈,0.121543,黄,0.082541,林,0.073554,李,0.050083,吴,0.0486
4416,44,广东省,河源市,13949,171,0.038401,黄,0.10861,陈,0.06151,刘,0.058929,叶,0.05771,李,0.046527
4417,44,广东省,阳江市,10226,165,0.041145,陈,0.09779,林,0.08097,黄,0.076667,李,0.068844,梁,0.053784
4418,44,广东省,清远市,21795,229,0.033388,黄,0.090158,陈,0.075201,李,0.064327,刘,0.046708,唐,0.037302
4419,44,广东省,东莞市,8944,323,0.029815,李,0.078041,陈,0.066972,张,0.06127,刘,0.060823,王,0.051431
4420,44,广东省,中山市,7207,264,0.033164,梁,0.076453,陈,0.071458,黄,0.069655,李,0.068128,刘,0.044124
4451,44,广东省,潮州市,9453,148,0.05152,陈,0.119116,林,0.095631,张,0.071935,吴,0.056913,刘,0.053951
4452,44,广东省,揭阳市,17723,158,0.077012,林,0.160074,陈,0.160018,黄,0.097049,吴,0.058455,张,0.054336
4453,44,广东省,云浮市,13850,175,0.041042,陈,0.12,李,0.069458,梁,0.066859,黄,0.065993,张,0.054874
4501,45,广西壮族自治区,南宁市,8804,205,0.047956,黄,0.158337,李,0.078146,陆,0.051227,覃,0.04532,梁,0.041572
4502,45,广西壮族自治区,柳州市,4583,176,0.034459,覃,0.107135,黄,0.071351,吴,0.052586,李,0.051931,杨,0.038185
4503,45,广西壮族自治区,桂林市,6870,213,0.026747,李,0.076565,唐,0.058079,周,0.042504,黄,0.042213,廖,0.040466
4504,45,广西壮族自治区,梧州市,4142,134,0.046982,李,0.110575,陈,0.107195,黄,0.097779,梁,0.046837,黎,0.046596
4505,45,广西壮族自治区,北海市,2198,108,0.039251,陈,0.10828,李,0.062329,林,0.0596,黄,0.05596,吴,0.053685
4506,45,广西壮族自治区,防城港市,1298,90,0.045002,黄,0.122496,李,0.084746,陈,0.082435,吴,0.051618,苏,0.046225
4507,45,广西壮族自治区,钦州市,5428,136,0.052274,黄,0.180914,张,0.051953,陈,0.051769,李,0.048084,梁,0.046426
4508,45,广西壮族自治区,贵港市,6642,135,0.042784,黄,0.109756,杨,0.077989,梁,0.062632,李,0.061427,覃,0.059771
4509,45,广西壮族自治区,玉林市,8614,148,0.040741,陈,0.107616,李,0.094962,梁,0.070467,黄,0.058742,庞,0.052241
4510,45,广西壮族自治区,百色市,5552,144,0.08063,黄,0.235771,李,0.072586,杨,0.060159,陆,0.053674,农,0.049532
4511,45,广西壮族自治区,贺州市,2439,108,0.038066,黄,0.101271,李,0.073801,杨,0.066011,陈,0.051251,梁,0.050841
4512,45,广西壮族自治区,河池市,3931,114,0.053464,黄,0.148054,覃,0.089036,吴,0.067667,兰,0.055202,蓝,0.051895
4513,45,广西壮族自治区,来宾市,3183,109,0.045525,黄,0.118442,覃,0.079485,李,0.065033,陈,0.054037,罗,0.053409
4514,45,广西壮族自治区,崇左市,3638,123,0.061867,黄,0.180594,农,0.088785,李,0.067894,梁,0.066245,陆,0.0547
4601,46,海南省,海口市,7611,226,0.059221,王,0.134805,陈,0.127184,吴,0.106425,林,0.052161,李,0.051504
4602,46,海南省,三亚市,2066,124,0.04578,陈,0.131655,林,0.080348,王,0.073572,李,0.061955,黄,0.039206
4690,46,海南省,海南直辖县市,26145,231,0.052376,王,0.123045,陈,0.115318,符,0.074699,李,0.064372,黄,0.061006
5001,50,重庆市,重庆城区,21168,372,0.030142,张,0.073838,李,0.066563,陈,0.065476,刘,0.061413,王,0.060847
5002,50,重庆市,重庆郊县,29879,385,0.028266,李,0.070786,陈,0.061883,刘,0.058369,张,0.056461,王,0.055658
5003,50,重庆市,重庆市,8304,261,0.031991,李,0.072616,张,0.067437,陈,0.063584,王,0.062018,刘,0.05407
5101,51,四川省,成都市,12190,318,0.032203,李,0.080148,张,0.067842,刘,0.063331,王,0.061116,陈,0.058326
5103,51,四川省,自贡市,3745,169,0.032298,李,0.073698,陈,0.070227,张,0.069159,刘,0.064352,王,0.057677
5104,51,四川省,攀枝花市,963,123,0.034119,王,0.09242,李,0.076843,张,0.057113,杨,0.055036,陈,0.051921
5105,51,四川省,泸州市,3864,181,0.033589,王,0.085663,李,0.082557,陈,0.065217,刘,0.0603,张,0.050725
5106,51,四川省,德阳市,5057,197,0.03247,刘,0.078901,李,0.071979,张,0.069606,陈,0.062883,王,0.049832
5107,51,四川省,绵阳市,5679,211,0.032943,李,0.0891,王,0.080472,刘,0.058989,张,0.055644,陈,0.049481
5108,51,四川省,广元市,2900,157,0.040504,李,0.098276,王,0.092759,杨,0.079655,张,0.061379,何,0.047241
5109,51,四川省,遂宁市,3845,164,0.032579,王,0.069961,李,0.06684,刘,0.06502,陈,0.063979,杨,0.063199
5110,51,四川省,内江市,4746,176,0.034114,刘,0.082807,张,0.073325,李,0.065529,陈,0.060261,王,0.051833
5111,51,四川省,乐山市,3979,199,0.030117,李,0.075396,张,0.07238,杨,0.066097,王,0.056296,陈,0.042473
5113,51,四川省,南充市,7014,183,0.035045,李,0.08982,王,0.073425,张,0.062019,何,0.061306,陈,0.052181
5114,51,四川省,眉山市,4159,171,0.036185,李,0.09257,王,0.07622,陈,0.062034,刘,0.05987,张,0.05963
5115,51,四川省,宜宾市,5283,195,0.031902,李,0.083665,陈,0.061897,刘,0.059057,王,0.057543,罗,0.051864
5116,51,四川省,广安市,4518,173,0.033727,李,0.080788,陈,0.068614,刘,0.065294,张,0.060868,杨,0.060646
5117,51,四川省,达州市,6868,195,0.034093,李,0.08809,王,0.071637,张,0.070909,刘,0.058678,杨,0.053291
5118,51,四川省,雅安市,1397,122,0.048504,李,0.130279,王,0.088762,张,0.088762,杨,0.073729,陈,0.040802
5119,51,四川省,巴中市,3657,151,0.034526,张,0.081214,王,0.068909,李,0.065354,杨,0.062346,何,0.053596
5120,51,四川省,资阳市,6067,168,0.033781,李,0.081094,陈,0.067908,刘,0.062304,杨,0.060656,张,0.059337
5132,51,四川省,阿坝藏族羌族自治州,1591,273,0.031735,无,0.109994,王,0.087995,李,0.049026,刘,0.038341,张,0.037084
5133,51,四川省,甘孜藏族自治州,2165,442,0.070465,无,0.255427,李,0.025404,刘,0.020785,王,0.019861,陈,0.017552
5134,51,四川省,凉山彝族自治州,7699,659,0.017073,王,0.051825,李,0.050396,张,0.043902,杨,0.041824,刘,0.039616
5201,52,贵州省,贵阳市,7036,255,0.033147,王,0.082007,李,0.075895,陈,0.064241,刘,0.05813,张,0.056993
5202,52,贵州省,六盘水市,4683,195,0.031038,王,0.073671,李,0.069186,陈,0.062994,刘,0.060218,张,0.056588
5203,52,贵州省,遵义市,13529,260,0.031524,王,0.083007,张,0.069776,李,0.066819,陈,0.060093,杨,0.052997
5204,52,贵州省,安顺市,3377,168,0.039001,王,0.0992,杨,0.080249,张,0.067516,陈,0.065147,罗,0.057151
5222,52,贵州省,铜仁地区,6164,177,0.038927,杨,0.126055,张,0.06976,刘,0.051265,王,0.044776,吴,0.044452
5223,52,贵州省,黔西南布依族苗族自治州,4670,184,0.038056,王,0.104925,张,0.065739,李,0.064454,杨,0.06167,陈,0.050749
5224,52,贵州省,毕节地区,11576,224,0.033786,王,0.07481,张,0.072132,李,0.071441,杨,0.065826,陈,0.059261
5226,52,贵州省,黔东南苗族侗族自治州,7953,172,0.076072,杨,0.203697,吴,0.10474,王,0.07582,龙,0.074563,潘,0.065133
5227,52,贵州省,黔南布依族苗族自治州,6917,207,0.040046,罗,0.089634,王,0.083273,杨,0.073587,陈,0.071418,李,0.048431
5301,53,云南省,昆明市,17491,382,0.046012,李,0.143102,张,0.089475,杨,0.07158,王,0.057915,刘,0.046195
5303,53,云南省,曲靖市,11673,252,0.036509,李,0.11034,张,0.074874,王,0.067506,刘,0.060139,陈,0.052086
5304,53,云南省,玉溪市,8802,242,0.046246,李,0.154851,张,0.073392,杨,0.064644,王,0.056237,普,0.05067
5305,53,云南省,保山市,7675,182,0.076626,杨,0.210033,李,0.108274,赵,0.074267,张,0.070358,王,0.068404
5306,53,云南省,昭通市,14837,260,0.031824,王,0.085597,李,0.070634,杨,0.057963,陈,0.056413,刘,0.05365
5307,53,云南省,丽江市,4205,195,0.073827,和,0.184304,杨,0.136742,李,0.099168,王,0.065636,张,0.032342
5308,53,云南省,普洱市,11181,211,0.061245,李,0.189965,张,0.078794,王,0.066005,杨,0.062785,罗,0.057508
5309,53,云南省,临沧市,9015,197,0.071192,李,0.208319,杨,0.102718,罗,0.064559,张,0.059789,王,0.053245
5323,53,云南省,楚雄彝族自治州,11263,289,0.058682,李,0.180059,杨,0.097132,张,0.073515,王,0.053982,罗,0.039599
5325,53,云南省,红河哈尼族彝族自治州,16466,268,0.068881,李,0.212316,杨,0.078525,王,0.069416,张,0.059031,马,0.041297
5326,53,云南省,文山壮族苗族自治州,11356,233,0.04261,李,0.106464,王,0.092814,杨,0.073706,张,0.063138,陆,0.060497
5328,53,云南省,西双版纳傣族自治州,4533,146,0.294422,无,0.532098,李,0.068387,王,0.044783,张,0.037062,杨,0.035076
5329,53,云南省,大理白族自治州,15064,273,0.060309,杨,0.162042,李,0.116569,张,0.079527,罗,0.061405,赵,0.052443
5331,53,云南省,德宏傣族景颇族自治州,4254,208,0.037813,杨,0.14363,李,0.067936,张,0.045604,赵,0.03291,王,0.030795
5333,53,云南省,怒江傈僳族自治州,4186,294,0.044719,和,0.144529,李,0.114907,杨,0.043,余,0.034878,张,0.031295
5334,53,云南省,迪庆藏族自治州,2266,105,0.230353,无,0.454987,和,0.093116,余,0.080759,李,0.068844,杨,0.033539
5401,54,西藏自治区,拉萨市,3268,35,0.955855,无,0.977662,张,0.003366,李,0.002448,马,0.001836,王,0.001836
5421,54,西藏自治区,昌都地区,4866,24,0.98771,无,0.993835,李,0.000822,张,0.000617,刘,0.000411,五,0.000411
5422,54,西藏自治区,山南地区,2418,13,0.987635,无,0.993797,杨,0.001241,蒲,0.000827,何,0.000414,田,0.000414
5423,54,西藏自治区,日喀则地区,4459,41,0.954804,无,0.977125,李,0.00314,王,0.002467,张,0.001794,杨,0.001794
5424,54,西藏自治区,那曲地区,2629,2,0.99924,无,0.99962,李,0.00038,,,,,,
5425,54,西藏自治区,阿里地区,731,9,0.970166,无,0.984952,贾,0.004104,王,0.002736,徐,0.001368,范,0.001368
5426,54,西藏自治区,阿里地区,1098,1,1,无,1,,,,,,,,
6101,61,陕西省,西安市,19475,418,0.042188,王,0.107625,李,0.101823,张,0.092632,刘,0.065879,杨,0.041951
6102,61,陕西省,铜川市,3477,214,0.038238,王,0.106414,张,0.091746,李,0.078228,刘,0.056946,杨,0.049756
6103,61,陕西省,宝鸡市,12757,305,0.049046,王,0.120483,张,0.110606,李,0.104256,杨,0.055656,刘,0.050874
6104,61,陕西省,咸阳市,16131,339,0.043952,王,0.115988,张,0.110037,李,0.081458,刘,0.057281,杨,0.047548
6105,61,陕西省,渭南市,12777,291,0.044503,王,0.120607,张,0.09204,李,0.08531,刘,0.066369,杨,0.063239
6106,61,陕西省,延安市,12352,252,0.046055,王,0.10727,李,0.096745,刘,0.093912,张,0.087354,杨,0.040155
6107,61,陕西省,汉中市,12275,311,0.036404,王,0.089939,张,0.087739,李,0.076986,刘,0.059226,陈,0.056782
6108,61,陕西省,榆林市,9704,206,0.047839,刘,0.103256,王,0.098413,张,0.092848,李,0.088005,高,0.065643
6109,61,陕西省,安康市,8984,234,0.033657,王,0.0876,陈,0.073687,张,0.07146,李,0.066118,刘,0.058771
6110,61,陕西省,商洛市,7487,244,0.039375,王,0.098304,刘,0.088553,李,0.08842,张,0.068385,陈,0.053426
6201,62,甘肃省,兰州市,8973,303,0.043466,王,0.126268,张,0.104759,李,0.072105,杨,0.048813,刘,0.047364
6202,62,甘肃省,嘉峪关市,721,115,0.04804,王,0.12344,张,0.101248,李,0.097087,刘,0.059639,杨,0.052705
6203,62,甘肃省,金昌市,2052,146,0.050906,张,0.131092,王,0.097953,赵,0.087232,李,0.064327,刘,0.057992
6204,62,甘肃省,白银市,6118,215,0.053069,王,0.135829,张,0.131252,李,0.087283,刘,0.046747,杨,0.046257
6205,62,甘肃省,天水市,10029,237,0.05067,王,0.140792,李,0.091335,张,0.088643,马,0.065011,刘,0.053644
6206,62,甘肃省,武威市,5217,197,0.045392,王,0.103891,张,0.102741,李,0.096799,杨,0.059804,刘,0.050604
6207,62,甘肃省,张掖市,5680,215,0.039571,王,0.10581,张,0.103521,李,0.073415,杨,0.046831,刘,0.045775
6208,62,甘肃省,平凉市,8380,225,0.042176,王,0.101551,李,0.089618,张,0.087709,刘,0.060263,马,0.054415
6209,62,甘肃省,酒泉市,5007,263,0.040918,王,0.115438,张,0.099061,李,0.080887,刘,0.045137,杨,0.040943
6210,62,甘肃省,庆阳市,10056,232,0.046976,张,0.123409,李,0.095963,王,0.095664,刘,0.065235,杨,0.052009
6211,62,甘肃省,定西市,8855,214,0.044962,王,0.110107,张,0.102541,李,0.098024,杨,0.054545,陈,0.046527
6212,62,甘肃省,陇南市,12148,243,0.049892,王,0.113599,张,0.10973,李,0.104297,赵,0.059187,杨,0.057952
6229,62,甘肃省,临夏回族自治州,7893,185,0.172998,马,0.397694,王,0.067148,张,0.059166,李,0.045357,赵,0.03142
6230,62,甘肃省,甘南藏族自治州,4580,142,0.161399,无,0.372489,杨,0.074891,李,0.072926,王,0.063537,马,0.050655
6301,63,青海省,西宁市,12304,339,0.047239,马,0.125813,李,0.105819,张,0.080055,王,0.074285,刘,0.04462
6321,63,青海省,海南藏族自治州,8854,237,0.068975,马,0.206799,李,0.092162,张,0.068444,王,0.066298,无,0.04834
6322,63,青海省,海北藏族自治州,1909,125,0.170532,无,0.33054,马,0.229439,张,0.054479,李,0.041383,王,0.03824
6323,63,青海省,黄南藏族自治州,1722,71,0.666818,无,0.81417,马,0.058072,李,0.012195,王,0.010453,张,0.006969
6325,63,青海省,海南藏族自治州,2736,126,0.422741,无,0.645833,王,0.038377,马,0.037646,张,0.031067,李,0.024488
6326,63,青海省,果洛藏族自治州,954,62,0.582932,无,0.762055,多萨,0.025157,马,0.023061,卡依,0.014675,李,0.01153
6327,63,青海省,玉树藏族自治州,1186,73,0.618755,无,0.785835,公巴,0.014334,考子,0.010961,代改,0.010961,巴红,0.010961
6328,63,青海省,海西蒙古族藏族自治州,2314,208,0.069434,无,0.19274,马,0.101556,李,0.08427,王,0.07822,张,0.061366
6401,64,宁夏回族自治区,银川市,6121,263,0.042738,王,0.100147,马,0.099003,李,0.081523,杨,0.06976,张,0.065512
6402,64,宁夏回族自治区,石嘴山市,2942,185,0.048623,马,0.115568,王,0.112508,李,0.078178,张,0.076818,刘,0.057444
6403,64,宁夏回族自治区,吴忠市,5297,193,0.080901,马,0.21465,李,0.097036,杨,0.093072,王,0.083443,张,0.065131
6404,64,宁夏回族自治区,固原市,6224,201,0.076201,马,0.216581,王,0.107808,李,0.074711,张,0.068123,杨,0.05045
6405,64,宁夏回族自治区,中卫市,4561,173,0.048228,马,0.105459,张,0.094497,李,0.091208,王,0.077615,田,0.062925
6501,65,新疆维吾尔自治区,乌鲁木齐市,3903,531,0.03076,王,0.096592,李,0.073277,张,0.068665,马,0.049193,刘,0.048168
6502,65,新疆维吾尔自治区,克拉玛依市,699,184,0.028209,王,0.084406,李,0.077253,刘,0.064378,张,0.054363,赵,0.038627
6521,65,新疆维吾尔自治区,吐鲁番地区,429,84,0.041735,马,0.111888,李,0.086247,张,0.067599,王,0.067599,陈,0.051282
6522,65,新疆维吾尔自治区,哈密地区,1185,293,0.025998,王,0.093671,李,0.077637,张,0.059916,刘,0.033755,马,0.031224
6523,65,新疆维吾尔自治区,昌吉回族自治州,3054,234,0.03955,张,0.09463,王,0.093648,李,0.075639,无,0.064506,刘,0.050098
6527,65,新疆维吾尔自治区,博尔塔拉蒙古自治州,1058,125,0.107064,无,0.299622,张,0.068053,王,0.063327,刘,0.042533,李,0.034972
6528,65,新疆维吾尔自治区,巴音郭楞蒙古自治州,2463,493,0.024134,无,0.084856,张,0.056435,马,0.053187,李,0.051563,王,0.049127
6529,65,新疆维吾尔自治区,阿克苏地区,5168,139,0.695792,无,0.833591,张,0.014899,王,0.013545,李,0.012577,刘,0.010255
6530,65,新疆维吾尔自治区,克孜勒苏柯尔克孜自治州,1406,26,0.926126,无,0.962304,刘,0.006401,吴,0.003556,张,0.002845,何,0.002845
6531,65,新疆维吾尔自治区,喀什地区,8464,120,0.854916,无,0.924504,李,0.006262,王,0.006026,刘,0.005907,张,0.005317
6532,65,新疆维吾尔自治区,和田地区,4047,501,0.379113,无,0.614776,买买提,0.017544,依明,0.012602,肉孜,0.00766,艾合买提,0.00766
6540,65,新疆维吾尔自治区,伊犁哈萨克自治州,5232,232,0.205757,无,0.4375,马,0.077026,张,0.045298,王,0.044916,李,0.038035
6542,65,新疆维吾尔自治区,塔城地区,2701,184,0.086747,无,0.255091,王,0.074417,李,0.066272,张,0.059608,马,0.049981
6543,65,新疆维吾尔自治区,阿勒泰地区,1418,440,0.038578,无,0.166432,李,0.050776,王,0.050776,张,0.035261,马,0.027504
6590,65,新疆维吾尔自治区,新疆直辖县市,1679,181,0.0379,无,0.092317,张,0.078618,王,0.075045,李,0.069089,杨,0.057177
